Id_1,Id_2,Me_1,Me_2
10,A,4.0,0.86862
10,B,9.0,3.667424
11,A,8.0,1.367479